uid,similarity,platform,reputation,entropy
6034008530,0.0,4,0.31343283582089554,1.5167044950347657



